{"cameraMode":{"drawMode":0,"name":"Shaded","section":"Shading Mode"},"sceneLighting":true,"audioPlay":false,"sceneViewState":{"showFog":true,"showMaterialUpdate":false,"showSkybox":true,"showFlares":true,"showImageEffects":true,"showParticleSystems":true},"in2DMode":false,"pivot":{"x":-21.3540096282959,"y":-0.0008049309253692627,"z":-1.4101089239120484},"rotation":{"x":0.19915525615215302,"y":-0.633561909198761,"z":0.17350883781909944,"w":0.7272077798843384},"size":1.6094846725463868,"orthographic":false}